--
-- PostgreSQL database dump
--

-- Dumped from database version 17.4
-- Dumped by pg_dump version 17.4

SET statement_timeout = 0;
SET lock_timeout = 0;
SET idle_in_transaction_session_timeout = 0;
SET client_encoding = 'UTF8';
SET standard_conforming_strings = on;
SET check_function_bodies = false;
SET xmloption = content;
SET client_min_messages = warning;
SET row_security = off;

SET default_tablespace = '';

SET default_table_access_method = heap;

--
-- Name: auth_group; Type: TABLE; Schema: public; Owner: -
--

CREATE TABLE public.auth_group (
    id integer NOT NULL,
    name character varying(150) NOT NULL
);


--
-- Name: auth_group_id_seq; Type: SEQUENCE; Schema: public; Owner: -
--

ALTER TABLE public.auth_group ALTER COLUMN id ADD GENERATED BY DEFAULT AS IDENTITY (
    SEQUENCE NAME public.auth_group_id_seq
    START WITH 1
    INCREMENT BY 1
    NO MINVALUE
    NO MAXVALUE
    CACHE 1
);


--
-- Name: auth_group_permissions; Type: TABLE; Schema: public; Owner: -
--

CREATE TABLE public.auth_group_permissions (
    id bigint NOT NULL,
    group_id integer NOT NULL,
    permission_id integer NOT NULL
);


--
-- Name: auth_group_permissions_id_seq; Type: SEQUENCE; Schema: public; Owner: -
--

ALTER TABLE public.auth_group_permissions ALTER COLUMN id ADD GENERATED BY DEFAULT AS IDENTITY (
    SEQUENCE NAME public.auth_group_permissions_id_seq
    START WITH 1
    INCREMENT BY 1
    NO MINVALUE
    NO MAXVALUE
    CACHE 1
);


--
-- Name: auth_permission; Type: TABLE; Schema: public; Owner: -
--

CREATE TABLE public.auth_permission (
    id integer NOT NULL,
    name character varying(255) NOT NULL,
    content_type_id integer NOT NULL,
    codename character varying(100) NOT NULL
);


--
-- Name: auth_permission_id_seq; Type: SEQUENCE; Schema: public; Owner: -
--

ALTER TABLE public.auth_permission ALTER COLUMN id ADD GENERATED BY DEFAULT AS IDENTITY (
    SEQUENCE NAME public.auth_permission_id_seq
    START WITH 1
    INCREMENT BY 1
    NO MINVALUE
    NO MAXVALUE
    CACHE 1
);


--
-- Name: django_admin_log; Type: TABLE; Schema: public; Owner: -
--

CREATE TABLE public.django_admin_log (
    id integer NOT NULL,
    action_time timestamp with time zone NOT NULL,
    object_id text,
    object_repr character varying(200) NOT NULL,
    action_flag smallint NOT NULL,
    change_message text NOT NULL,
    content_type_id integer,
    user_id bigint NOT NULL,
    CONSTRAINT django_admin_log_action_flag_check CHECK ((action_flag >= 0))
);


--
-- Name: django_admin_log_id_seq; Type: SEQUENCE; Schema: public; Owner: -
--

ALTER TABLE public.django_admin_log ALTER COLUMN id ADD GENERATED BY DEFAULT AS IDENTITY (
    SEQUENCE NAME public.django_admin_log_id_seq
    START WITH 1
    INCREMENT BY 1
    NO MINVALUE
    NO MAXVALUE
    CACHE 1
);


--
-- Name: django_content_type; Type: TABLE; Schema: public; Owner: -
--

CREATE TABLE public.django_content_type (
    id integer NOT NULL,
    app_label character varying(100) NOT NULL,
    model character varying(100) NOT NULL
);


--
-- Name: django_content_type_id_seq; Type: SEQUENCE; Schema: public; Owner: -
--

ALTER TABLE public.django_content_type ALTER COLUMN id ADD GENERATED BY DEFAULT AS IDENTITY (
    SEQUENCE NAME public.django_content_type_id_seq
    START WITH 1
    INCREMENT BY 1
    NO MINVALUE
    NO MAXVALUE
    CACHE 1
);


--
-- Name: django_migrations; Type: TABLE; Schema: public; Owner: -
--

CREATE TABLE public.django_migrations (
    id bigint NOT NULL,
    app character varying(255) NOT NULL,
    name character varying(255) NOT NULL,
    applied timestamp with time zone NOT NULL
);


--
-- Name: django_migrations_id_seq; Type: SEQUENCE; Schema: public; Owner: -
--

ALTER TABLE public.django_migrations ALTER COLUMN id ADD GENERATED BY DEFAULT AS IDENTITY (
    SEQUENCE NAME public.django_migrations_id_seq
    START WITH 1
    INCREMENT BY 1
    NO MINVALUE
    NO MAXVALUE
    CACHE 1
);


--
-- Name: django_session; Type: TABLE; Schema: public; Owner: -
--

CREATE TABLE public.django_session (
    session_key character varying(40) NOT NULL,
    session_data text NOT NULL,
    expire_date timestamp with time zone NOT NULL
);


--
-- Name: task_comment; Type: TABLE; Schema: public; Owner: -
--

CREATE TABLE public.task_comment (
    id bigint NOT NULL,
    text text NOT NULL,
    created_at timestamp with time zone NOT NULL,
    task_id bigint NOT NULL,
    user_id bigint NOT NULL
);


--
-- Name: task_comment_id_seq; Type: SEQUENCE; Schema: public; Owner: -
--

ALTER TABLE public.task_comment ALTER COLUMN id ADD GENERATED BY DEFAULT AS IDENTITY (
    SEQUENCE NAME public.task_comment_id_seq
    START WITH 1
    INCREMENT BY 1
    NO MINVALUE
    NO MAXVALUE
    CACHE 1
);


--
-- Name: task_history; Type: TABLE; Schema: public; Owner: -
--

CREATE TABLE public.task_history (
    id bigint NOT NULL,
    old_status character varying(20),
    new_status character varying(20) NOT NULL,
    changed_at timestamp with time zone NOT NULL,
    changed_by_id bigint NOT NULL,
    task_id bigint NOT NULL
);


--
-- Name: task_history_id_seq; Type: SEQUENCE; Schema: public; Owner: -
--

ALTER TABLE public.task_history ALTER COLUMN id ADD GENERATED BY DEFAULT AS IDENTITY (
    SEQUENCE NAME public.task_history_id_seq
    START WITH 1
    INCREMENT BY 1
    NO MINVALUE
    NO MAXVALUE
    CACHE 1
);


--
-- Name: task_notification; Type: TABLE; Schema: public; Owner: -
--

CREATE TABLE public.task_notification (
    id bigint NOT NULL,
    type character varying(30) NOT NULL,
    message text NOT NULL,
    is_read boolean NOT NULL,
    created_at timestamp with time zone NOT NULL,
    task_id bigint,
    user_id bigint NOT NULL
);


--
-- Name: task_notification_id_seq; Type: SEQUENCE; Schema: public; Owner: -
--

ALTER TABLE public.task_notification ALTER COLUMN id ADD GENERATED BY DEFAULT AS IDENTITY (
    SEQUENCE NAME public.task_notification_id_seq
    START WITH 1
    INCREMENT BY 1
    NO MINVALUE
    NO MAXVALUE
    CACHE 1
);


--
-- Name: task_project; Type: TABLE; Schema: public; Owner: -
--

CREATE TABLE public.task_project (
    id bigint NOT NULL,
    name character varying(200) NOT NULL,
    description text NOT NULL,
    status character varying(20) NOT NULL,
    start_date date,
    end_date date,
    created_at timestamp with time zone NOT NULL,
    updated_at timestamp with time zone NOT NULL,
    manager_id bigint,
    actual_hours double precision NOT NULL,
    color character varying(7) NOT NULL,
    planned_hours double precision NOT NULL,
    tags character varying(500) NOT NULL,
    budget double precision NOT NULL,
    client character varying(200) NOT NULL,
    contract_number character varying(100) NOT NULL
);


--
-- Name: task_project_id_seq; Type: SEQUENCE; Schema: public; Owner: -
--

ALTER TABLE public.task_project ALTER COLUMN id ADD GENERATED BY DEFAULT AS IDENTITY (
    SEQUENCE NAME public.task_project_id_seq
    START WITH 1
    INCREMENT BY 1
    NO MINVALUE
    NO MAXVALUE
    CACHE 1
);


--
-- Name: task_project_members; Type: TABLE; Schema: public; Owner: -
--

CREATE TABLE public.task_project_members (
    id bigint NOT NULL,
    project_id bigint NOT NULL,
    customuser_id bigint NOT NULL
);


--
-- Name: task_project_members_id_seq; Type: SEQUENCE; Schema: public; Owner: -
--

ALTER TABLE public.task_project_members ALTER COLUMN id ADD GENERATED BY DEFAULT AS IDENTITY (
    SEQUENCE NAME public.task_project_members_id_seq
    START WITH 1
    INCREMENT BY 1
    NO MINVALUE
    NO MAXVALUE
    CACHE 1
);


--
-- Name: task_task; Type: TABLE; Schema: public; Owner: -
--

CREATE TABLE public.task_task (
    id bigint NOT NULL,
    title character varying(200) NOT NULL,
    description text NOT NULL,
    status character varying(20) NOT NULL,
    priority integer NOT NULL,
    deadline timestamp with time zone NOT NULL,
    created_at timestamp with time zone NOT NULL,
    author_id bigint NOT NULL,
    executor_id bigint NOT NULL,
    actual_hours double precision,
    estimated_hours double precision,
    tags character varying(200) NOT NULL,
    updated_at timestamp with time zone NOT NULL,
    project_id bigint,
    completed_at timestamp with time zone,
    reopened_count integer NOT NULL
);


--
-- Name: task_task_co_executors; Type: TABLE; Schema: public; Owner: -
--

CREATE TABLE public.task_task_co_executors (
    id bigint NOT NULL,
    task_id bigint NOT NULL,
    customuser_id bigint NOT NULL
);


--
-- Name: task_task_co_executors_id_seq; Type: SEQUENCE; Schema: public; Owner: -
--

ALTER TABLE public.task_task_co_executors ALTER COLUMN id ADD GENERATED BY DEFAULT AS IDENTITY (
    SEQUENCE NAME public.task_task_co_executors_id_seq
    START WITH 1
    INCREMENT BY 1
    NO MINVALUE
    NO MAXVALUE
    CACHE 1
);


--
-- Name: task_task_id_seq; Type: SEQUENCE; Schema: public; Owner: -
--

ALTER TABLE public.task_task ALTER COLUMN id ADD GENERATED BY DEFAULT AS IDENTITY (
    SEQUENCE NAME public.task_task_id_seq
    START WITH 1
    INCREMENT BY 1
    NO MINVALUE
    NO MAXVALUE
    CACHE 1
);


--
-- Name: users_customuser; Type: TABLE; Schema: public; Owner: -
--

CREATE TABLE public.users_customuser (
    id bigint NOT NULL,
    password character varying(128) NOT NULL,
    last_login timestamp with time zone,
    is_superuser boolean NOT NULL,
    username character varying(150) NOT NULL,
    first_name character varying(150) NOT NULL,
    last_name character varying(150) NOT NULL,
    email character varying(254) NOT NULL,
    is_staff boolean NOT NULL,
    is_active boolean NOT NULL,
    date_joined timestamp with time zone NOT NULL,
    role character varying(20) NOT NULL,
    patronymic character varying(20) NOT NULL
);


--
-- Name: users_customuser_groups; Type: TABLE; Schema: public; Owner: -
--

CREATE TABLE public.users_customuser_groups (
    id bigint NOT NULL,
    customuser_id bigint NOT NULL,
    group_id integer NOT NULL
);


--
-- Name: users_customuser_groups_id_seq; Type: SEQUENCE; Schema: public; Owner: -
--

ALTER TABLE public.users_customuser_groups ALTER COLUMN id ADD GENERATED BY DEFAULT AS IDENTITY (
    SEQUENCE NAME public.users_customuser_groups_id_seq
    START WITH 1
    INCREMENT BY 1
    NO MINVALUE
    NO MAXVALUE
    CACHE 1
);


--
-- Name: users_customuser_id_seq; Type: SEQUENCE; Schema: public; Owner: -
--

ALTER TABLE public.users_customuser ALTER COLUMN id ADD GENERATED BY DEFAULT AS IDENTITY (
    SEQUENCE NAME public.users_customuser_id_seq
    START WITH 1
    INCREMENT BY 1
    NO MINVALUE
    NO MAXVALUE
    CACHE 1
);


--
-- Name: users_customuser_user_permissions; Type: TABLE; Schema: public; Owner: -
--

CREATE TABLE public.users_customuser_user_permissions (
    id bigint NOT NULL,
    customuser_id bigint NOT NULL,
    permission_id integer NOT NULL
);


--
-- Name: users_customuser_user_permissions_id_seq; Type: SEQUENCE; Schema: public; Owner: -
--

ALTER TABLE public.users_customuser_user_permissions ALTER COLUMN id ADD GENERATED BY DEFAULT AS IDENTITY (
    SEQUENCE NAME public.users_customuser_user_permissions_id_seq
    START WITH 1
    INCREMENT BY 1
    NO MINVALUE
    NO MAXVALUE
    CACHE 1
);


--
-- Data for Name: auth_group; Type: TABLE DATA; Schema: public; Owner: -
--

COPY public.auth_group (id, name) FROM stdin;
\.


--
-- Data for Name: auth_group_permissions; Type: TABLE DATA; Schema: public; Owner: -
--

COPY public.auth_group_permissions (id, group_id, permission_id) FROM stdin;
\.


--
-- Data for Name: auth_permission; Type: TABLE DATA; Schema: public; Owner: -
--

COPY public.auth_permission (id, name, content_type_id, codename) FROM stdin;
1	Can add log entry	1	add_logentry
2	Can change log entry	1	change_logentry
3	Can delete log entry	1	delete_logentry
4	Can view log entry	1	view_logentry
5	Can add permission	2	add_permission
6	Can change permission	2	change_permission
7	Can delete permission	2	delete_permission
8	Can view permission	2	view_permission
9	Can add group	3	add_group
10	Can change group	3	change_group
11	Can delete group	3	delete_group
12	Can view group	3	view_group
13	Can add content type	4	add_contenttype
14	Can change content type	4	change_contenttype
15	Can delete content type	4	delete_contenttype
16	Can view content type	4	view_contenttype
17	Can add session	5	add_session
18	Can change session	5	change_session
19	Can delete session	5	delete_session
20	Can view session	5	view_session
21	Can add user	6	add_customuser
22	Can change user	6	change_customuser
23	Can delete user	6	delete_customuser
24	Can view user	6	view_customuser
25	Can add task	7	add_task
26	Can change task	7	change_task
27	Can delete task	7	delete_task
28	Can view task	7	view_task
29	Can add comment	8	add_comment
30	Can change comment	8	change_comment
31	Can delete comment	8	delete_comment
32	Can view comment	8	view_comment
33	Can add history	9	add_history
34	Can change history	9	change_history
35	Can delete history	9	delete_history
36	Can view history	9	view_history
37	Can add notification	10	add_notification
38	Can change notification	10	change_notification
39	Can delete notification	10	delete_notification
40	Can view notification	10	view_notification
41	Can add Проект	11	add_project
42	Can change Проект	11	change_project
43	Can delete Проект	11	delete_project
44	Can view Проект	11	view_project
\.


--
-- Data for Name: django_admin_log; Type: TABLE DATA; Schema: public; Owner: -
--

COPY public.django_admin_log (id, action_time, object_id, object_repr, action_flag, change_message, content_type_id, user_id) FROM stdin;
1	2026-05-25 00:47:24.366823+05	2	Антон Сергеевич Иванов	1	[{"added": {}}]	6	1
2	2026-05-25 00:47:41.256616+05	2	Антон Сергеевич Иванов	2	[]	6	1
3	2026-05-25 00:47:50.211395+05	2	Антон Сергеевич Иванов	2	[]	6	1
4	2026-05-25 02:35:16.544197+05	1	Admin	2	[{"changed": {"fields": ["Role"]}}]	6	1
5	2026-05-25 05:54:46.220986+05	2	Антон Сергеевич Иванов	2	[]	6	1
6	2026-05-25 06:16:39.138937+05	3	Иван Иванов Employee1	1	[{"added": {}}]	6	1
7	2026-05-25 06:16:49.148261+05	3	Иван Иванов Employee1	2	[{"changed": {"fields": ["Role"]}}]	6	1
8	2026-05-25 06:18:24.964373+05	3	Иван Иванов Employee1	2	[]	6	1
9	2026-05-25 08:29:09.64592+05	2	Антон Иванов Сергеевич	2	[{"changed": {"fields": ["Last name", "\\u041e\\u0442\\u0447\\u0435\\u0441\\u0442\\u0432\\u043e"]}}]	6	1
10	2026-05-28 19:13:27.683094+05	5	Мария Сидорова Сергеевна	2	[{"changed": {"fields": ["\\u041e\\u0442\\u0447\\u0435\\u0441\\u0442\\u0432\\u043e"]}}]	6	1
11	2026-05-28 19:13:43.02306+05	4	Иван Иванов	3		6	1
12	2026-05-28 21:02:32.067611+05	3	Иван Иванов Иванович	2	[{"changed": {"fields": ["\\u041e\\u0442\\u0447\\u0435\\u0441\\u0442\\u0432\\u043e"]}}]	6	1
\.


--
-- Data for Name: django_content_type; Type: TABLE DATA; Schema: public; Owner: -
--

COPY public.django_content_type (id, app_label, model) FROM stdin;
1	admin	logentry
2	auth	permission
3	auth	group
4	contenttypes	contenttype
5	sessions	session
6	users	customuser
7	task	task
8	task	comment
9	task	history
10	task	notification
11	task	project
\.


--
-- Data for Name: django_migrations; Type: TABLE DATA; Schema: public; Owner: -
--

COPY public.django_migrations (id, app, name, applied) FROM stdin;
1	contenttypes	0001_initial	2026-05-24 22:54:48.713713+05
2	contenttypes	0002_remove_content_type_name	2026-05-24 22:54:48.719725+05
3	auth	0001_initial	2026-05-24 22:54:48.740709+05
4	auth	0002_alter_permission_name_max_length	2026-05-24 22:54:48.743708+05
5	auth	0003_alter_user_email_max_length	2026-05-24 22:54:48.746714+05
6	auth	0004_alter_user_username_opts	2026-05-24 22:54:48.749713+05
7	auth	0005_alter_user_last_login_null	2026-05-24 22:54:48.751707+05
8	auth	0006_require_contenttypes_0002	2026-05-24 22:54:48.752715+05
9	auth	0007_alter_validators_add_error_messages	2026-05-24 22:54:48.754713+05
10	auth	0008_alter_user_username_max_length	2026-05-24 22:54:48.757714+05
11	auth	0009_alter_user_last_name_max_length	2026-05-24 22:54:48.759714+05
12	auth	0010_alter_group_name_max_length	2026-05-24 22:54:48.765677+05
13	auth	0011_update_proxy_permissions	2026-05-24 22:54:48.767689+05
14	auth	0012_alter_user_first_name_max_length	2026-05-24 22:54:48.770688+05
15	users	0001_initial	2026-05-24 22:54:48.788771+05
16	admin	0001_initial	2026-05-24 22:54:48.800771+05
17	admin	0002_logentry_remove_auto_add	2026-05-24 22:54:48.803778+05
18	admin	0003_logentry_add_action_flag_choices	2026-05-24 22:54:48.807777+05
19	sessions	0001_initial	2026-05-24 22:54:48.813417+05
20	task	0001_initial	2026-05-24 22:54:48.817422+05
21	task	0002_initial	2026-05-24 22:54:48.827422+05
22	users	0002_customuser_patronymic_alter_customuser_role	2026-05-24 22:54:48.837425+05
23	task	0003_task_actual_hours_task_attachments_and_more	2026-05-25 00:54:40.93426+05
24	task	0004_notification	2026-05-25 07:33:01.917775+05
25	task	0005_task_co_executors_task_cost_project_task_project	2026-05-27 21:40:24.103354+05
26	task	0006_alter_task_options_project_actual_hours_and_more	2026-05-27 22:05:23.862334+05
27	task	0007_alter_project_options_remove_project_attachments_and_more	2026-05-28 01:55:42.732531+05
28	task	0008_project_budget_project_client_and_more	2026-05-28 19:22:36.825385+05
29	task	0009_alter_notification_type	2026-05-28 20:06:43.624038+05
\.


--
-- Data for Name: django_session; Type: TABLE DATA; Schema: public; Owner: -
--

COPY public.django_session (session_key, session_data, expire_date) FROM stdin;
ifnl5uoqojpn5xxfepczyyd2p1jamvsx	.eJxVjEEOwiAQRe_C2hChQAeX7nsGMjCDVA0kpV0Z765NutDtf-_9lwi4rSVsnZcwk7gIJU6_W8T04LoDumO9NZlaXZc5yl2RB-1yasTP6-H-HRTs5VsnHT3ZEaIZVEabPSk3AFlFlEYwA4LhjDoxZnBncsAeLBujHGrFkMT7A_Q9OEg:1wRQAn:uvjlP7CtLP4RiwSn22gx6utk1zYvC8k_2OPwbhULpHc	2026-06-08 12:56:29.316584+05
j2su3rjz0s9eqknjs6srx69i7f5ks3cz	.eJydUMuSmkAU_RfXGQpaYCA7FbQap5tBAZGN1XQ3Q_PSgAbtqfx7ILEqyTaLu7n3PO45n7MTuV2L063n3Umw2deZNvvy9y4jtOLtdGAlaT_OCj23105kygRRntdeQWfG6-UT-49AQfpiZFOQ2cx4tTJ9ruXEyG2mmXOLGRpj9NXS58TSeU4A5SS3TJWZFrctg-u6ZhKgcYuOouVwPRFKed-PevzhFdmGCl94MJJQwwL2sN0ZdAVNWF2SeOXZyghSM3Cts9pWebKsYXkWxwMu0wRLKAaRJsUw7u5YfgzIiQYUIu1t5V2OSSD80p37zmLAzlFDMuphc1HJfhRvXOMI3AEDpOFy8UAyAH4IDT_cVQhAFW-i-TFc11hGYPJgCa5pbV_S6bHSFXmgmLv1fNhW2OnuYdLUxUvT6qqRlt_1MNYr0rEMBdvV9i03o2fsjucd_9Xjf-emTdyMI8lqJDSxPhFQSHXkuBKVlcT7QZDDWv3TRwDw7z6-sU01GRbpJtBTB9390KsRiFTkrAs_LJpj6DUIxAJJV8VhXKSTRxvLNPFychi7FPAOW1VBzu4-XOCjg5ZcnqsNu51huXMXQxIe3hM1kosXT7zH2_3Fmv34Ceb63mU:1wStPz:mWqqPlZm_Mac-HiZHifmzKRxzGj33bymI_3I28r7HP8	2026-06-12 14:22:15.220915+05
\.


--
-- Data for Name: task_comment; Type: TABLE DATA; Schema: public; Owner: -
--

COPY public.task_comment (id, text, created_at, task_id, user_id) FROM stdin;
1	Все ок	2026-05-25 04:41:42.33841+05	3	1
2	Все ок	2026-05-25 04:42:14.186635+05	2	1
3	ок	2026-05-25 04:42:54.630981+05	2	1
4	Да все ок\n	2026-05-25 06:01:58.72746+05	3	2
5	Ок	2026-05-25 06:02:21.915536+05	2	2
6	ок	2026-05-25 12:32:08.997225+05	5	2
7	Ок	2026-05-28 00:33:37.544625+05	14	2
8	ок	2026-05-28 22:05:44.816565+05	23	2
9	ок\n	2026-05-28 22:13:44.972733+05	18	2
10	ок	2026-05-28 22:19:10.946926+05	23	2
\.


--
-- Data for Name: task_history; Type: TABLE DATA; Schema: public; Owner: -
--

COPY public.task_history (id, old_status, new_status, changed_at, changed_by_id, task_id) FROM stdin;
1	in_progress	new	2026-05-25 08:21:02.068251+05	1	3
2	new	in_progress	2026-05-25 12:33:09.815966+05	2	3
3	in_progress	new	2026-05-25 12:44:49.145357+05	1	6
4	new	in_progress	2026-05-25 12:49:47.966585+05	2	5
5	in_progress	done	2026-05-25 12:50:09.473267+05	2	5
6	new	in_progress	2026-05-25 12:53:45.733013+05	3	6
7	in_progress	done	2026-05-25 12:54:25.183141+05	3	3
8	new	in_progress	2026-05-25 15:10:02.358333+05	2	7
9	in_progress	done	2026-05-25 15:10:21.530628+05	2	7
10	new	in_progress	2026-05-28 02:14:02.512265+05	3	14
\.


--
-- Data for Name: task_notification; Type: TABLE DATA; Schema: public; Owner: -
--

COPY public.task_notification (id, type, message, is_read, created_at, task_id, user_id) FROM stdin;
2	assigned	Задача «Добавление фильтрации задач» назначена на Антон Сергеевич Иванов	t	2026-05-25 08:04:48.460682+05	6	1
7	assigned	Задача «Создать дизайн сайта» назначена на Антон Иванов Сергеевич	t	2026-05-25 12:39:52.625912+05	7	3
15	status_changed	Задача «Создать дизайн сайта»: Новая → В процессе	t	2026-05-25 15:10:02.353501+05	7	3
50	assigned	📋 Вам назначена задача: «Тестирование системы»	f	2026-05-28 20:48:45.306154+05	22	11
16	status_changed	Задача «Создать дизайн сайта»: В процессе → Завершена	t	2026-05-25 15:10:21.527722+05	7	3
51	assigned	✅ Задача «Тестирование системы» назначена на Артём Федоров Олегович	t	2026-05-28 20:48:45.307205+05	22	3
4	commented	Новый комментарий к задаче «Создание REST API задач» от Антон Иванов Сергеевич	t	2026-05-25 12:32:09.000214+05	5	1
5	status_changed	Задача «Реализация Kanban-доски»: Новая → В процессе	t	2026-05-25 12:33:09.814953+05	3	1
9	status_changed	Задача «Создание REST API задач»: Новая → В процессе	t	2026-05-25 12:49:47.965594+05	5	1
10	status_changed	Задача «Создание REST API задач»: В процессе → Завершена	t	2026-05-25 12:50:09.471726+05	5	1
11	status_changed	Задача «Добавление фильтрации задач»: Новая → В процессе	t	2026-05-25 12:53:45.732014+05	6	1
13	status_changed	Задача «Реализация Kanban-доски»: В процессе → Завершена	t	2026-05-25 12:54:25.181134+05	3	1
41	assigned	👥 Вас добавили соисполнителем в задачу: «Разработать дизайн главной страницы»	f	2026-05-28 20:12:56.997378+05	18	9
3	status_changed	Задача «Реализация Kanban-доски»: В процессе → Новая	t	2026-05-25 08:21:02.065282+05	3	2
1	assigned	Вам назначена задача: «Добавление фильтрации задач»	t	2026-05-25 08:04:48.457692+05	6	2
6	assigned	Вам назначена задача: «Создать дизайн сайта»	t	2026-05-25 12:39:52.623895+05	7	2
8	status_changed	Задача «Добавление фильтрации задач»: В процессе → Новая	t	2026-05-25 12:44:49.143005+05	6	2
12	status_changed	Задача «Добавление фильтрации задач»: Новая → В процессе	t	2026-05-25 12:53:45.733013+05	6	2
14	status_changed	Задача «Реализация Kanban-доски»: В процессе → Завершена	t	2026-05-25 12:54:25.182141+05	3	2
42	assigned	📋 Вам назначена задача: «Настроить сервер и базу данных»	f	2026-05-28 20:43:51.079973+05	19	5
44	assigned	👥 Вас добавили соисполнителем в задачу: «Настроить сервер и базу данных»	f	2026-05-28 20:43:51.082979+05	19	8
45	assigned	📋 Вам назначена задача: «Разработать модуль авторизации»	f	2026-05-28 20:45:47.86288+05	20	10
47	assigned	📋 Вам назначена задача: «Разработать новостной модуль»	f	2026-05-28 20:47:18.715194+05	21	11
49	assigned	👥 Вас добавили соисполнителем в задачу: «Разработать новостной модуль»	f	2026-05-28 20:47:18.718209+05	21	7
52	assigned	👥 Вас добавили соисполнителем в задачу: «Тестирование системы»	f	2026-05-28 20:48:45.308224+05	22	6
39	assigned	📋 Вам назначена задача: «Разработать дизайн главной страницы»	t	2026-05-28 20:12:56.994377+05	18	2
29	assigned	📋 Вам назначена задача: «Верстка сайта»	t	2026-05-28 00:31:50.157785+05	14	2
32	status_changed	📌 Задача «Верстка сайта»: 🟡 Новая → 🔵 В процессе	t	2026-05-28 02:14:02.511266+05	14	2
53	assigned	📋 Вам назначена задача: «Написать документацию»	t	2026-05-28 21:15:30.038622+05	23	2
56	commented	💬 Новый комментарий к задаче «Разработать дизайн главной страницы» от Employee1	f	2026-05-28 22:13:44.978746+05	18	9
30	assigned	✅ Задача «Верстка сайта» назначена на Антон Иванов Сергеевич	t	2026-05-28 00:31:50.157785+05	14	3
31	commented	💬 Новый комментарий к задаче «Верстка сайта» от Employee1	t	2026-05-28 00:33:37.546712+05	14	3
40	assigned	✅ Задача «Разработать дизайн главной страницы» назначена на Антон Иванов Сергеевич	t	2026-05-28 20:12:56.995377+05	18	3
43	assigned	✅ Задача «Настроить сервер и базу данных» назначена на Мария Сидорова Сергеевна	t	2026-05-28 20:43:51.08098+05	19	3
46	assigned	✅ Задача «Разработать модуль авторизации» назначена на Елена Новикова Петровна	t	2026-05-28 20:45:47.863883+05	20	3
48	assigned	✅ Задача «Разработать новостной модуль» назначена на Артём Федоров Олегович	t	2026-05-28 20:47:18.716218+05	21	3
54	assigned	✅ Задача «Написать документацию» назначена на Антон Иванов Сергеевич	t	2026-05-28 21:15:30.039622+05	23	3
55	commented	💬 Новый комментарий к задаче «Написать документацию» от Employee1	t	2026-05-28 22:05:44.820364+05	23	3
57	commented	💬 Новый комментарий к задаче «Разработать дизайн главной страницы» от Employee1	t	2026-05-28 22:13:44.979733+05	18	3
58	commented	💬 Новый комментарий к задаче «Написать документацию» от Антон Иванов	t	2026-05-28 22:19:10.951928+05	23	3
\.


--
-- Data for Name: task_project; Type: TABLE DATA; Schema: public; Owner: -
--

COPY public.task_project (id, name, description, status, start_date, end_date, created_at, updated_at, manager_id, actual_hours, color, planned_hours, tags, budget, client, contract_number) FROM stdin;
6	Корпоративный портал	Разработка внутреннего корпоративного портала для сотрудников компании	active	2026-01-01	2026-05-30	2026-05-28 20:00:15.681841+05	2026-05-28 20:00:15.681841+05	3	0	#667eea	320		500000	ООО Технологии Будущего	ДГ-2024/001
2	Редизайн сайта 	Обновление дизайна и вёрстки сайта	active	2026-05-27	2026-06-10	2026-05-27 23:25:19.174692+05	2026-05-27 23:25:19.174692+05	3	0	#667eea	0		0		
\.


--
-- Data for Name: task_project_members; Type: TABLE DATA; Schema: public; Owner: -
--

COPY public.task_project_members (id, project_id, customuser_id) FROM stdin;
2	2	2
9	6	1
10	6	3
11	6	2
13	6	9
14	6	5
16	6	8
17	6	10
19	6	11
21	6	7
24	6	6
\.


--
-- Data for Name: task_task; Type: TABLE DATA; Schema: public; Owner: -
--

COPY public.task_task (id, title, description, status, priority, deadline, created_at, author_id, executor_id, actual_hours, estimated_hours, tags, updated_at, project_id, completed_at, reopened_count) FROM stdin;
22	Тестирование системы	Нагрузочное и функциональное тестирование	new	2	2026-05-02 01:48:00+05	2026-05-28 20:48:45.294948+05	3	11	\N	\N		2026-05-28 20:48:45.294948+05	6	\N	0
23	Написать документацию	Техническая документация и руководство пользователя	new	1	2026-06-05 02:15:30.026622+05	2026-05-28 21:15:30.027621+05	3	2	\N	\N		2026-05-28 21:15:30.027621+05	6	\N	0
2	Разработка страницы авторизации	Создать форму входа с JWT-аутентификацией и обработкой ошибок.	done	3	2026-05-29 09:28:00+05	2026-05-25 04:28:57.875382+05	1	2	\N	\N		2026-05-25 04:29:18.726118+05	\N	\N	0
4	Настройка PostgreSQL	Подключить базу данных PostgreSQL к Django проекту	done	2	2026-05-25 12:43:00+05	2026-05-25 07:43:25.897491+05	1	2	\N	\N		2026-05-25 07:43:25.897491+05	\N	\N	0
5	Создание REST API задач	Реализовать CRUD операции для модели Task через DRF.	done	3	2026-05-28 12:45:00+05	2026-05-25 07:45:18.63501+05	1	2	\N	\N		2026-05-25 12:50:09.468721+05	\N	\N	0
6	Добавление фильтрации задач	Реализовать поиск задач по статусу и приоритету.	in_progress	2	2026-05-29 13:04:00+05	2026-05-25 08:04:48.454682+05	1	2	\N	\N		2026-05-25 12:53:45.730014+05	\N	\N	0
3	Реализация Kanban-доски	Создать отображение задач по статусам с возможностью фильтрации.	done	1	2026-05-30 09:30:00+05	2026-05-25 04:30:26.802955+05	1	2	\N	\N		2026-05-25 12:54:25.179958+05	\N	\N	0
7	Создать дизайн сайта	Создать дизайн	done	1	2026-05-28 17:39:00+05	2026-05-25 12:39:52.621367+05	3	2	\N	\N		2026-05-25 15:10:21.523627+05	\N	\N	0
14	Верстка сайта		in_progress	3	2026-05-31 05:31:00+05	2026-05-28 00:31:50.147784+05	3	2	\N	\N		2026-05-28 02:14:02.505913+05	2	\N	0
18	Разработать дизайн главной страницы	Создать макет в Figma согласно брендбуку	done	3	2026-06-05 01:12:56.974712+05	2026-05-28 20:12:56.97821+05	3	2	\N	\N		2026-05-28 20:12:56.97821+05	6	2026-05-28 20:12:56.974712+05	0
19	Настроить сервер и базу данных	Установить nginx, postgresql, настроить бэкап	done	3	2026-02-16 01:43:00+05	2026-05-28 20:43:51.06721+05	3	5	\N	\N		2026-05-28 20:43:51.06721+05	6	2026-05-28 20:43:51.06622+05	0
20	Разработать модуль авторизации	SSO интеграция с Active Directory	in_progress	3	2026-04-02 01:45:00+05	2026-05-28 20:45:47.851871+05	3	10	\N	\N		2026-05-28 20:45:47.851871+05	6	\N	0
21	Разработать новостной модуль	Лента новостей с категориями и поиском	in_progress	2	2026-06-05 01:47:18.702429+05	2026-05-28 20:47:18.702947+05	3	11	\N	\N		2026-05-28 20:47:18.702947+05	6	\N	0
\.


--
-- Data for Name: task_task_co_executors; Type: TABLE DATA; Schema: public; Owner: -
--

COPY public.task_task_co_executors (id, task_id, customuser_id) FROM stdin;
1	18	9
2	19	8
3	21	7
4	22	6
\.


--
-- Data for Name: users_customuser; Type: TABLE DATA; Schema: public; Owner: -
--

COPY public.users_customuser (id, password, last_login, is_superuser, username, first_name, last_name, email, is_staff, is_active, date_joined, role, patronymic) FROM stdin;
3	pbkdf2_sha256$1000000$82pwWqKcrbAk5UkjYa6E16$B8caEHJwmto7p6GHsEXuEO1frL/Ew4z3qzHHg03JBqM=	2026-05-29 02:15:01.374493+05	f	Manajer1	Иван	Иванов	manager1@gmail.com	f	t	2026-05-25 06:16:38+05	manager	Иванович
2	pbkdf2_sha256$1000000$FZk35XHXv6gkYxcyVxKeYd$KUaX+ciI9RBoZup1lpQICuoR4N2vakjCp85nPJN/ScM=	2026-05-29 14:21:29.365745+05	f	Employee1	Антон	Иванов	emp1@gmail.com	f	t	2026-05-25 00:47:23+05	employee	Сергеевич
1	pbkdf2_sha256$1000000$UnBrfQeDoWLY2joCOia6vA$sltGNNm59sWRtov1niHtHd3JWgUOvaIKpHwTR3SKcPc=	2026-05-29 14:22:15.219309+05	t	Admin			admin@gmail.com	t	t	2026-05-25 00:38:38+05	admin	
6	pbkdf2_sha256$1000000$OrG5R2hs05H3ukbLveosS4$J0fyPYhQh+/CjEH/rATqwVkgkJ0Ysa0WB1q67SzK8j0=	\N	f	manager2	Дмитрий	Козлов	manager2@test.com	f	t	2026-05-28 19:09:01.460066+05	manager	Александрович
7	pbkdf2_sha256$1000000$zeZA7tQI9Voe9YlZZKmzM1$cQcX5NYMlDO5ssUZZ+F4rXD2E/kq9RxSzCjV975YoP4=	\N	f	employee3	Сергей	Морозов	emp3@test.com	f	t	2026-05-28 19:09:01.952078+05	employee	Викторович
8	pbkdf2_sha256$1000000$LxWquQYlCHYFFPjT7OqMqG$81mab1URZKOTWLj0NGzZM6Cs80OTOSORiQdpFGgadmM=	\N	f	employee4	Анна	Волкова	emp4@test.com	f	t	2026-05-28 19:09:02.392206+05	employee	Сергеевна
9	pbkdf2_sha256$1000000$Pw8OGL5pi8AqRNCfjM9QWQ$J/aQ22BNLx6w21PZIZpUUuU6zZlKwXeTrLcYZEH0/pc=	\N	f	employee5	Николай	Лебедев	emp5@test.com	f	t	2026-05-28 19:09:02.836435+05	employee	Иванович
10	pbkdf2_sha256$1000000$HT6sbnuU9YTZFr9mkwPUHQ$NP4aH5guBxmrNCr2TYbZb6AAuc80K9pr5vGQML0TIsE=	\N	f	employee6	Елена	Новикова	emp6@test.com	f	t	2026-05-28 19:09:03.277677+05	employee	Петровна
11	pbkdf2_sha256$1000000$nvYbl375k7PHTIYBCWnnfk$05Dc0ebHPJvb7FZHgb5mzcxoje1i+dCSA4Or9DSxEk4=	\N	f	employee7	Артём	Федоров	emp7@test.com	f	t	2026-05-28 19:09:03.717619+05	employee	Олегович
5	pbkdf2_sha256$1000000$16CjdjTLhVsSKBxYaKyCEA$Eok7IhBr1OwX6hgtn3CXytGCRwrA8s0kZDIvqvUIzVA=	\N	f	employee2	Мария	Сидорова	emp2@test.com	f	t	2026-05-28 04:14:09+05	employee	Сергеевна
\.


--
-- Data for Name: users_customuser_groups; Type: TABLE DATA; Schema: public; Owner: -
--

COPY public.users_customuser_groups (id, customuser_id, group_id) FROM stdin;
\.


--
-- Data for Name: users_customuser_user_permissions; Type: TABLE DATA; Schema: public; Owner: -
--

COPY public.users_customuser_user_permissions (id, customuser_id, permission_id) FROM stdin;
\.


--
-- Name: auth_group_id_seq; Type: SEQUENCE SET; Schema: public; Owner: -
--

SELECT pg_catalog.setval('public.auth_group_id_seq', 1, false);


--
-- Name: auth_group_permissions_id_seq; Type: SEQUENCE SET; Schema: public; Owner: -
--

SELECT pg_catalog.setval('public.auth_group_permissions_id_seq', 1, false);


--
-- Name: auth_permission_id_seq; Type: SEQUENCE SET; Schema: public; Owner: -
--

SELECT pg_catalog.setval('public.auth_permission_id_seq', 44, true);


--
-- Name: django_admin_log_id_seq; Type: SEQUENCE SET; Schema: public; Owner: -
--

SELECT pg_catalog.setval('public.django_admin_log_id_seq', 12, true);


--
-- Name: django_content_type_id_seq; Type: SEQUENCE SET; Schema: public; Owner: -
--

SELECT pg_catalog.setval('public.django_content_type_id_seq', 11, true);


--
-- Name: django_migrations_id_seq; Type: SEQUENCE SET; Schema: public; Owner: -
--

SELECT pg_catalog.setval('public.django_migrations_id_seq', 29, true);


--
-- Name: task_comment_id_seq; Type: SEQUENCE SET; Schema: public; Owner: -
--

SELECT pg_catalog.setval('public.task_comment_id_seq', 10, true);


--
-- Name: task_history_id_seq; Type: SEQUENCE SET; Schema: public; Owner: -
--

SELECT pg_catalog.setval('public.task_history_id_seq', 10, true);


--
-- Name: task_notification_id_seq; Type: SEQUENCE SET; Schema: public; Owner: -
--

SELECT pg_catalog.setval('public.task_notification_id_seq', 58, true);


--
-- Name: task_project_id_seq; Type: SEQUENCE SET; Schema: public; Owner: -
--

SELECT pg_catalog.setval('public.task_project_id_seq', 6, true);


--
-- Name: task_project_members_id_seq; Type: SEQUENCE SET; Schema: public; Owner: -
--

SELECT pg_catalog.setval('public.task_project_members_id_seq', 26, true);


--
-- Name: task_task_co_executors_id_seq; Type: SEQUENCE SET; Schema: public; Owner: -
--

SELECT pg_catalog.setval('public.task_task_co_executors_id_seq', 4, true);


--
-- Name: task_task_id_seq; Type: SEQUENCE SET; Schema: public; Owner: -
--

SELECT pg_catalog.setval('public.task_task_id_seq', 23, true);


--
-- Name: users_customuser_groups_id_seq; Type: SEQUENCE SET; Schema: public; Owner: -
--

SELECT pg_catalog.setval('public.users_customuser_groups_id_seq', 1, false);


--
-- Name: users_customuser_id_seq; Type: SEQUENCE SET; Schema: public; Owner: -
--

SELECT pg_catalog.setval('public.users_customuser_id_seq', 11, true);


--
-- Name: users_customuser_user_permissions_id_seq; Type: SEQUENCE SET; Schema: public; Owner: -
--

SELECT pg_catalog.setval('public.users_customuser_user_permissions_id_seq', 1, false);


--
-- Name: auth_group auth_group_name_key; Type: CONSTRAINT; Schema: public; Owner: -
--

ALTER TABLE ONLY public.auth_group
    ADD CONSTRAINT auth_group_name_key UNIQUE (name);


--
-- Name: auth_group_permissions auth_group_permissions_group_id_permission_id_0cd325b0_uniq; Type: CONSTRAINT; Schema: public; Owner: -
--

ALTER TABLE ONLY public.auth_group_permissions
    ADD CONSTRAINT auth_group_permissions_group_id_permission_id_0cd325b0_uniq UNIQUE (group_id, permission_id);


--
-- Name: auth_group_permissions auth_group_permissions_pkey; Type: CONSTRAINT; Schema: public; Owner: -
--

ALTER TABLE ONLY public.auth_group_permissions
    ADD CONSTRAINT auth_group_permissions_pkey PRIMARY KEY (id);


--
-- Name: auth_group auth_group_pkey; Type: CONSTRAINT; Schema: public; Owner: -
--

ALTER TABLE ONLY public.auth_group
    ADD CONSTRAINT auth_group_pkey PRIMARY KEY (id);


--
-- Name: auth_permission auth_permission_content_type_id_codename_01ab375a_uniq; Type: CONSTRAINT; Schema: public; Owner: -
--

ALTER TABLE ONLY public.auth_permission
    ADD CONSTRAINT auth_permission_content_type_id_codename_01ab375a_uniq UNIQUE (content_type_id, codename);


--
-- Name: auth_permission auth_permission_pkey; Type: CONSTRAINT; Schema: public; Owner: -
--

ALTER TABLE ONLY public.auth_permission
    ADD CONSTRAINT auth_permission_pkey PRIMARY KEY (id);


--
-- Name: django_admin_log django_admin_log_pkey; Type: CONSTRAINT; Schema: public; Owner: -
--

ALTER TABLE ONLY public.django_admin_log
    ADD CONSTRAINT django_admin_log_pkey PRIMARY KEY (id);


--
-- Name: django_content_type django_content_type_app_label_model_76bd3d3b_uniq; Type: CONSTRAINT; Schema: public; Owner: -
--

ALTER TABLE ONLY public.django_content_type
    ADD CONSTRAINT django_content_type_app_label_model_76bd3d3b_uniq UNIQUE (app_label, model);


--
-- Name: django_content_type django_content_type_pkey; Type: CONSTRAINT; Schema: public; Owner: -
--

ALTER TABLE ONLY public.django_content_type
    ADD CONSTRAINT django_content_type_pkey PRIMARY KEY (id);


--
-- Name: django_migrations django_migrations_pkey; Type: CONSTRAINT; Schema: public; Owner: -
--

ALTER TABLE ONLY public.django_migrations
    ADD CONSTRAINT django_migrations_pkey PRIMARY KEY (id);


--
-- Name: django_session django_session_pkey; Type: CONSTRAINT; Schema: public; Owner: -
--

ALTER TABLE ONLY public.django_session
    ADD CONSTRAINT django_session_pkey PRIMARY KEY (session_key);


--
-- Name: task_comment task_comment_pkey; Type: CONSTRAINT; Schema: public; Owner: -
--

ALTER TABLE ONLY public.task_comment
    ADD CONSTRAINT task_comment_pkey PRIMARY KEY (id);


--
-- Name: task_history task_history_pkey; Type: CONSTRAINT; Schema: public; Owner: -
--

ALTER TABLE ONLY public.task_history
    ADD CONSTRAINT task_history_pkey PRIMARY KEY (id);


--
-- Name: task_notification task_notification_pkey; Type: CONSTRAINT; Schema: public; Owner: -
--

ALTER TABLE ONLY public.task_notification
    ADD CONSTRAINT task_notification_pkey PRIMARY KEY (id);


--
-- Name: task_project_members task_project_members_pkey; Type: CONSTRAINT; Schema: public; Owner: -
--

ALTER TABLE ONLY public.task_project_members
    ADD CONSTRAINT task_project_members_pkey PRIMARY KEY (id);


--
-- Name: task_project_members task_project_members_project_id_customuser_id_d9e72fc0_uniq; Type: CONSTRAINT; Schema: public; Owner: -
--

ALTER TABLE ONLY public.task_project_members
    ADD CONSTRAINT task_project_members_project_id_customuser_id_d9e72fc0_uniq UNIQUE (project_id, customuser_id);


--
-- Name: task_project task_project_pkey; Type: CONSTRAINT; Schema: public; Owner: -
--

ALTER TABLE ONLY public.task_project
    ADD CONSTRAINT task_project_pkey PRIMARY KEY (id);


--
-- Name: task_task_co_executors task_task_co_executors_pkey; Type: CONSTRAINT; Schema: public; Owner: -
--

ALTER TABLE ONLY public.task_task_co_executors
    ADD CONSTRAINT task_task_co_executors_pkey PRIMARY KEY (id);


--
-- Name: task_task_co_executors task_task_co_executors_task_id_customuser_id_7b39cdfd_uniq; Type: CONSTRAINT; Schema: public; Owner: -
--

ALTER TABLE ONLY public.task_task_co_executors
    ADD CONSTRAINT task_task_co_executors_task_id_customuser_id_7b39cdfd_uniq UNIQUE (task_id, customuser_id);


--
-- Name: task_task task_task_pkey; Type: CONSTRAINT; Schema: public; Owner: -
--

ALTER TABLE ONLY public.task_task
    ADD CONSTRAINT task_task_pkey PRIMARY KEY (id);


--
-- Name: users_customuser_groups users_customuser_groups_customuser_id_group_id_76b619e3_uniq; Type: CONSTRAINT; Schema: public; Owner: -
--

ALTER TABLE ONLY public.users_customuser_groups
    ADD CONSTRAINT users_customuser_groups_customuser_id_group_id_76b619e3_uniq UNIQUE (customuser_id, group_id);


--
-- Name: users_customuser_groups users_customuser_groups_pkey; Type: CONSTRAINT; Schema: public; Owner: -
--

ALTER TABLE ONLY public.users_customuser_groups
    ADD CONSTRAINT users_customuser_groups_pkey PRIMARY KEY (id);


--
-- Name: users_customuser users_customuser_pkey; Type: CONSTRAINT; Schema: public; Owner: -
--

ALTER TABLE ONLY public.users_customuser
    ADD CONSTRAINT users_customuser_pkey PRIMARY KEY (id);


--
-- Name: users_customuser_user_permissions users_customuser_user_pe_customuser_id_permission_7a7debf6_uniq; Type: CONSTRAINT; Schema: public; Owner: -
--

ALTER TABLE ONLY public.users_customuser_user_permissions
    ADD CONSTRAINT users_customuser_user_pe_customuser_id_permission_7a7debf6_uniq UNIQUE (customuser_id, permission_id);


--
-- Name: users_customuser_user_permissions users_customuser_user_permissions_pkey; Type: CONSTRAINT; Schema: public; Owner: -
--

ALTER TABLE ONLY public.users_customuser_user_permissions
    ADD CONSTRAINT users_customuser_user_permissions_pkey PRIMARY KEY (id);


--
-- Name: users_customuser users_customuser_username_key; Type: CONSTRAINT; Schema: public; Owner: -
--

ALTER TABLE ONLY public.users_customuser
    ADD CONSTRAINT users_customuser_username_key UNIQUE (username);


--
-- Name: auth_group_name_a6ea08ec_like; Type: INDEX; Schema: public; Owner: -
--

CREATE INDEX auth_group_name_a6ea08ec_like ON public.auth_group USING btree (name varchar_pattern_ops);


--
-- Name: auth_group_permissions_group_id_b120cbf9; Type: INDEX; Schema: public; Owner: -
--

CREATE INDEX auth_group_permissions_group_id_b120cbf9 ON public.auth_group_permissions USING btree (group_id);


--
-- Name: auth_group_permissions_permission_id_84c5c92e; Type: INDEX; Schema: public; Owner: -
--

CREATE INDEX auth_group_permissions_permission_id_84c5c92e ON public.auth_group_permissions USING btree (permission_id);


--
-- Name: auth_permission_content_type_id_2f476e4b; Type: INDEX; Schema: public; Owner: -
--

CREATE INDEX auth_permission_content_type_id_2f476e4b ON public.auth_permission USING btree (content_type_id);


--
-- Name: django_admin_log_content_type_id_c4bce8eb; Type: INDEX; Schema: public; Owner: -
--

CREATE INDEX django_admin_log_content_type_id_c4bce8eb ON public.django_admin_log USING btree (content_type_id);


--
-- Name: django_admin_log_user_id_c564eba6; Type: INDEX; Schema: public; Owner: -
--

CREATE INDEX django_admin_log_user_id_c564eba6 ON public.django_admin_log USING btree (user_id);


--
-- Name: django_session_expire_date_a5c62663; Type: INDEX; Schema: public; Owner: -
--

CREATE INDEX django_session_expire_date_a5c62663 ON public.django_session USING btree (expire_date);


--
-- Name: django_session_session_key_c0390e0f_like; Type: INDEX; Schema: public; Owner: -
--

CREATE INDEX django_session_session_key_c0390e0f_like ON public.django_session USING btree (session_key varchar_pattern_ops);


--
-- Name: task_comment_task_id_945d80b8; Type: INDEX; Schema: public; Owner: -
--

CREATE INDEX task_comment_task_id_945d80b8 ON public.task_comment USING btree (task_id);


--
-- Name: task_comment_user_id_7f40da4a; Type: INDEX; Schema: public; Owner: -
--

CREATE INDEX task_comment_user_id_7f40da4a ON public.task_comment USING btree (user_id);


--
-- Name: task_history_changed_by_id_cbc9de56; Type: INDEX; Schema: public; Owner: -
--

CREATE INDEX task_history_changed_by_id_cbc9de56 ON public.task_history USING btree (changed_by_id);


--
-- Name: task_history_task_id_118b5d3f; Type: INDEX; Schema: public; Owner: -
--

CREATE INDEX task_history_task_id_118b5d3f ON public.task_history USING btree (task_id);


--
-- Name: task_notification_task_id_9db81922; Type: INDEX; Schema: public; Owner: -
--

CREATE INDEX task_notification_task_id_9db81922 ON public.task_notification USING btree (task_id);


--
-- Name: task_notification_user_id_8e0455b0; Type: INDEX; Schema: public; Owner: -
--

CREATE INDEX task_notification_user_id_8e0455b0 ON public.task_notification USING btree (user_id);


--
-- Name: task_project_manager_id_4c0ed011; Type: INDEX; Schema: public; Owner: -
--

CREATE INDEX task_project_manager_id_4c0ed011 ON public.task_project USING btree (manager_id);


--
-- Name: task_project_members_customuser_id_3a528b3a; Type: INDEX; Schema: public; Owner: -
--

CREATE INDEX task_project_members_customuser_id_3a528b3a ON public.task_project_members USING btree (customuser_id);


--
-- Name: task_project_members_project_id_2a409c5b; Type: INDEX; Schema: public; Owner: -
--

CREATE INDEX task_project_members_project_id_2a409c5b ON public.task_project_members USING btree (project_id);


--
-- Name: task_task_author_id_e316bae0; Type: INDEX; Schema: public; Owner: -
--

CREATE INDEX task_task_author_id_e316bae0 ON public.task_task USING btree (author_id);


--
-- Name: task_task_co_executors_customuser_id_c89ac99e; Type: INDEX; Schema: public; Owner: -
--

CREATE INDEX task_task_co_executors_customuser_id_c89ac99e ON public.task_task_co_executors USING btree (customuser_id);


--
-- Name: task_task_co_executors_task_id_29740dae; Type: INDEX; Schema: public; Owner: -
--

CREATE INDEX task_task_co_executors_task_id_29740dae ON public.task_task_co_executors USING btree (task_id);


--
-- Name: task_task_executor_id_c8d98ec0; Type: INDEX; Schema: public; Owner: -
--

CREATE INDEX task_task_executor_id_c8d98ec0 ON public.task_task USING btree (executor_id);


--
-- Name: task_task_project_id_0d03694f; Type: INDEX; Schema: public; Owner: -
--

CREATE INDEX task_task_project_id_0d03694f ON public.task_task USING btree (project_id);


--
-- Name: users_customuser_groups_customuser_id_958147bf; Type: INDEX; Schema: public; Owner: -
--

CREATE INDEX users_customuser_groups_customuser_id_958147bf ON public.users_customuser_groups USING btree (customuser_id);


--
-- Name: users_customuser_groups_group_id_01390b14; Type: INDEX; Schema: public; Owner: -
--

CREATE INDEX users_customuser_groups_group_id_01390b14 ON public.users_customuser_groups USING btree (group_id);


--
-- Name: users_customuser_user_permissions_customuser_id_5771478b; Type: INDEX; Schema: public; Owner: -
--

CREATE INDEX users_customuser_user_permissions_customuser_id_5771478b ON public.users_customuser_user_permissions USING btree (customuser_id);


--
-- Name: users_customuser_user_permissions_permission_id_baaa2f74; Type: INDEX; Schema: public; Owner: -
--

CREATE INDEX users_customuser_user_permissions_permission_id_baaa2f74 ON public.users_customuser_user_permissions USING btree (permission_id);


--
-- Name: users_customuser_username_80452fdf_like; Type: INDEX; Schema: public; Owner: -
--

CREATE INDEX users_customuser_username_80452fdf_like ON public.users_customuser USING btree (username varchar_pattern_ops);


--
-- Name: auth_group_permissions auth_group_permissio_permission_id_84c5c92e_fk_auth_perm; Type: FK CONSTRAINT; Schema: public; Owner: -
--

ALTER TABLE ONLY public.auth_group_permissions
    ADD CONSTRAINT auth_group_permissio_permission_id_84c5c92e_fk_auth_perm FOREIGN KEY (permission_id) REFERENCES public.auth_permission(id) DEFERRABLE INITIALLY DEFERRED;


--
-- Name: auth_group_permissions auth_group_permissions_group_id_b120cbf9_fk_auth_group_id; Type: FK CONSTRAINT; Schema: public; Owner: -
--

ALTER TABLE ONLY public.auth_group_permissions
    ADD CONSTRAINT auth_group_permissions_group_id_b120cbf9_fk_auth_group_id FOREIGN KEY (group_id) REFERENCES public.auth_group(id) DEFERRABLE INITIALLY DEFERRED;


--
-- Name: auth_permission auth_permission_content_type_id_2f476e4b_fk_django_co; Type: FK CONSTRAINT; Schema: public; Owner: -
--

ALTER TABLE ONLY public.auth_permission
    ADD CONSTRAINT auth_permission_content_type_id_2f476e4b_fk_django_co FOREIGN KEY (content_type_id) REFERENCES public.django_content_type(id) DEFERRABLE INITIALLY DEFERRED;


--
-- Name: django_admin_log django_admin_log_content_type_id_c4bce8eb_fk_django_co; Type: FK CONSTRAINT; Schema: public; Owner: -
--

ALTER TABLE ONLY public.django_admin_log
    ADD CONSTRAINT django_admin_log_content_type_id_c4bce8eb_fk_django_co FOREIGN KEY (content_type_id) REFERENCES public.django_content_type(id) DEFERRABLE INITIALLY DEFERRED;


--
-- Name: django_admin_log django_admin_log_user_id_c564eba6_fk_users_customuser_id; Type: FK CONSTRAINT; Schema: public; Owner: -
--

ALTER TABLE ONLY public.django_admin_log
    ADD CONSTRAINT django_admin_log_user_id_c564eba6_fk_users_customuser_id FOREIGN KEY (user_id) REFERENCES public.users_customuser(id) DEFERRABLE INITIALLY DEFERRED;


--
-- Name: task_comment task_comment_task_id_945d80b8_fk_task_task_id; Type: FK CONSTRAINT; Schema: public; Owner: -
--

ALTER TABLE ONLY public.task_comment
    ADD CONSTRAINT task_comment_task_id_945d80b8_fk_task_task_id FOREIGN KEY (task_id) REFERENCES public.task_task(id) DEFERRABLE INITIALLY DEFERRED;


--
-- Name: task_comment task_comment_user_id_7f40da4a_fk_users_customuser_id; Type: FK CONSTRAINT; Schema: public; Owner: -
--

ALTER TABLE ONLY public.task_comment
    ADD CONSTRAINT task_comment_user_id_7f40da4a_fk_users_customuser_id FOREIGN KEY (user_id) REFERENCES public.users_customuser(id) DEFERRABLE INITIALLY DEFERRED;


--
-- Name: task_history task_history_changed_by_id_cbc9de56_fk_users_customuser_id; Type: FK CONSTRAINT; Schema: public; Owner: -
--

ALTER TABLE ONLY public.task_history
    ADD CONSTRAINT task_history_changed_by_id_cbc9de56_fk_users_customuser_id FOREIGN KEY (changed_by_id) REFERENCES public.users_customuser(id) DEFERRABLE INITIALLY DEFERRED;


--
-- Name: task_history task_history_task_id_118b5d3f_fk_task_task_id; Type: FK CONSTRAINT; Schema: public; Owner: -
--

ALTER TABLE ONLY public.task_history
    ADD CONSTRAINT task_history_task_id_118b5d3f_fk_task_task_id FOREIGN KEY (task_id) REFERENCES public.task_task(id) DEFERRABLE INITIALLY DEFERRED;


--
-- Name: task_notification task_notification_task_id_9db81922_fk_task_task_id; Type: FK CONSTRAINT; Schema: public; Owner: -
--

ALTER TABLE ONLY public.task_notification
    ADD CONSTRAINT task_notification_task_id_9db81922_fk_task_task_id FOREIGN KEY (task_id) REFERENCES public.task_task(id) DEFERRABLE INITIALLY DEFERRED;


--
-- Name: task_notification task_notification_user_id_8e0455b0_fk_users_customuser_id; Type: FK CONSTRAINT; Schema: public; Owner: -
--

ALTER TABLE ONLY public.task_notification
    ADD CONSTRAINT task_notification_user_id_8e0455b0_fk_users_customuser_id FOREIGN KEY (user_id) REFERENCES public.users_customuser(id) DEFERRABLE INITIALLY DEFERRED;


--
-- Name: task_project task_project_manager_id_4c0ed011_fk_users_customuser_id; Type: FK CONSTRAINT; Schema: public; Owner: -
--

ALTER TABLE ONLY public.task_project
    ADD CONSTRAINT task_project_manager_id_4c0ed011_fk_users_customuser_id FOREIGN KEY (manager_id) REFERENCES public.users_customuser(id) DEFERRABLE INITIALLY DEFERRED;


--
-- Name: task_project_members task_project_members_customuser_id_3a528b3a_fk_users_cus; Type: FK CONSTRAINT; Schema: public; Owner: -
--

ALTER TABLE ONLY public.task_project_members
    ADD CONSTRAINT task_project_members_customuser_id_3a528b3a_fk_users_cus FOREIGN KEY (customuser_id) REFERENCES public.users_customuser(id) DEFERRABLE INITIALLY DEFERRED;


--
-- Name: task_project_members task_project_members_project_id_2a409c5b_fk_task_project_id; Type: FK CONSTRAINT; Schema: public; Owner: -
--

ALTER TABLE ONLY public.task_project_members
    ADD CONSTRAINT task_project_members_project_id_2a409c5b_fk_task_project_id FOREIGN KEY (project_id) REFERENCES public.task_project(id) DEFERRABLE INITIALLY DEFERRED;


--
-- Name: task_task task_task_author_id_e316bae0_fk_users_customuser_id; Type: FK CONSTRAINT; Schema: public; Owner: -
--

ALTER TABLE ONLY public.task_task
    ADD CONSTRAINT task_task_author_id_e316bae0_fk_users_customuser_id FOREIGN KEY (author_id) REFERENCES public.users_customuser(id) DEFERRABLE INITIALLY DEFERRED;


--
-- Name: task_task_co_executors task_task_co_executo_customuser_id_c89ac99e_fk_users_cus; Type: FK CONSTRAINT; Schema: public; Owner: -
--

ALTER TABLE ONLY public.task_task_co_executors
    ADD CONSTRAINT task_task_co_executo_customuser_id_c89ac99e_fk_users_cus FOREIGN KEY (customuser_id) REFERENCES public.users_customuser(id) DEFERRABLE INITIALLY DEFERRED;


--
-- Name: task_task_co_executors task_task_co_executors_task_id_29740dae_fk_task_task_id; Type: FK CONSTRAINT; Schema: public; Owner: -
--

ALTER TABLE ONLY public.task_task_co_executors
    ADD CONSTRAINT task_task_co_executors_task_id_29740dae_fk_task_task_id FOREIGN KEY (task_id) REFERENCES public.task_task(id) DEFERRABLE INITIALLY DEFERRED;


--
-- Name: task_task task_task_executor_id_c8d98ec0_fk_users_customuser_id; Type: FK CONSTRAINT; Schema: public; Owner: -
--

ALTER TABLE ONLY public.task_task
    ADD CONSTRAINT task_task_executor_id_c8d98ec0_fk_users_customuser_id FOREIGN KEY (executor_id) REFERENCES public.users_customuser(id) DEFERRABLE INITIALLY DEFERRED;


--
-- Name: task_task task_task_project_id_0d03694f_fk_task_project_id; Type: FK CONSTRAINT; Schema: public; Owner: -
--

ALTER TABLE ONLY public.task_task
    ADD CONSTRAINT task_task_project_id_0d03694f_fk_task_project_id FOREIGN KEY (project_id) REFERENCES public.task_project(id) DEFERRABLE INITIALLY DEFERRED;


--
-- Name: users_customuser_groups users_customuser_gro_customuser_id_958147bf_fk_users_cus; Type: FK CONSTRAINT; Schema: public; Owner: -
--

ALTER TABLE ONLY public.users_customuser_groups
    ADD CONSTRAINT users_customuser_gro_customuser_id_958147bf_fk_users_cus FOREIGN KEY (customuser_id) REFERENCES public.users_customuser(id) DEFERRABLE INITIALLY DEFERRED;


--
-- Name: users_customuser_groups users_customuser_groups_group_id_01390b14_fk_auth_group_id; Type: FK CONSTRAINT; Schema: public; Owner: -
--

ALTER TABLE ONLY public.users_customuser_groups
    ADD CONSTRAINT users_customuser_groups_group_id_01390b14_fk_auth_group_id FOREIGN KEY (group_id) REFERENCES public.auth_group(id) DEFERRABLE INITIALLY DEFERRED;


--
-- Name: users_customuser_user_permissions users_customuser_use_customuser_id_5771478b_fk_users_cus; Type: FK CONSTRAINT; Schema: public; Owner: -
--

ALTER TABLE ONLY public.users_customuser_user_permissions
    ADD CONSTRAINT users_customuser_use_customuser_id_5771478b_fk_users_cus FOREIGN KEY (customuser_id) REFERENCES public.users_customuser(id) DEFERRABLE INITIALLY DEFERRED;


--
-- Name: users_customuser_user_permissions users_customuser_use_permission_id_baaa2f74_fk_auth_perm; Type: FK CONSTRAINT; Schema: public; Owner: -
--

ALTER TABLE ONLY public.users_customuser_user_permissions
    ADD CONSTRAINT users_customuser_use_permission_id_baaa2f74_fk_auth_perm FOREIGN KEY (permission_id) REFERENCES public.auth_permission(id) DEFERRABLE INITIALLY DEFERRED;


--
-- PostgreSQL database dump complete
--

